-- phpMyAdmin SQL Dump
-- version 5.0.3
-- https://www.phpmyadmin.net/
--
-- Host: localhost
-- Generation Time: Jan 03, 2022 at 07:51 PM
-- Server version: 10.4.14-MariaDB
-- PHP Version: 7.3.23

SET SQL_MODE = "NO_AUTO_VALUE_ON_ZERO";
START TRANSACTION;
SET time_zone = "+00:00";


/*!40101 SET @OLD_CHARACTER_SET_CLIENT=@@CHARACTER_SET_CLIENT */;
/*!40101 SET @OLD_CHARACTER_SET_RESULTS=@@CHARACTER_SET_RESULTS */;
/*!40101 SET @OLD_COLLATION_CONNECTION=@@COLLATION_CONNECTION */;
/*!40101 SET NAMES utf8mb4 */;

--
-- Database: `fiverr_referers`
--

-- --------------------------------------------------------

--
-- Table structure for table `dbs`
--

CREATE TABLE `dbs` (
  `id` int(11) NOT NULL,
  `host` varchar(100) NOT NULL,
  `db` varchar(50) NOT NULL,
  `uname` varchar(50) NOT NULL,
  `pwd` varchar(50) NOT NULL,
  `sid` varchar(50) NOT NULL,
  `pid` varchar(50) NOT NULL,
  `ref` varchar(50) NOT NULL,
  `table` varchar(50) NOT NULL
) ENGINE=InnoDB DEFAULT CHARSET=utf8mb4;

--
-- Dumping data for table `dbs`
--

INSERT INTO `dbs` (`id`, `host`, `db`, `uname`, `pwd`, `sid`, `pid`, `ref`, `table`) VALUES
(9, 'localhost', 'spiderincome', 'root', '', 'u_name', 'u_name', 'referrer', 'a_users');

-- --------------------------------------------------------

--
-- Table structure for table `refreports`
--

CREATE TABLE `refreports` (
  `report_id` int(5) NOT NULL,
  `user_id` varchar(40) NOT NULL,
  `name` varchar(40) DEFAULT NULL,
  `tier` varchar(40) NOT NULL,
  `status` varchar(4) NOT NULL
) ENGINE=InnoDB DEFAULT CHARSET=utf8mb4;

--
-- Dumping data for table `refreports`
--

INSERT INTO `refreports` (`report_id`, `user_id`, `name`, `tier`, `status`) VALUES
(14, 'aaaaa', 'aaaaa', '5', '2'),
(15, '000', '000', '5', '2');

-- --------------------------------------------------------

--
-- Table structure for table `report_txns`
--

CREATE TABLE `report_txns` (
  `txn_id` int(5) NOT NULL,
  `report_id` int(5) NOT NULL,
  `user_id` varchar(11) NOT NULL,
  `public_id` varchar(100) DEFAULT NULL,
  `referrer` varchar(11) NOT NULL,
  `tier` int(2) NOT NULL
) ENGINE=InnoDB DEFAULT CHARSET=utf8mb4;

--
-- Dumping data for table `report_txns`
--

INSERT INTO `report_txns` (`txn_id`, `report_id`, `user_id`, `public_id`, `referrer`, `tier`) VALUES
(657, 14, 'aaaaa', 'aaaaa', '', 0),
(658, 14, 'bbbbb', 'bbbbb', 'aaaaa', 1),
(659, 14, 'ccccc', 'ccccc', 'aaaaa', 1),
(660, 14, 'ddddd', 'ddddd', 'bbbbb', 2),
(661, 14, 'eeeee', 'eeeee', 'bbbbb', 2),
(662, 14, 'fffff', 'fffff', 'ccccc', 2),
(663, 14, 'ggggg', 'ggggg', 'ccccc', 2),
(664, 14, 'hhhhh', 'hhhhh', 'ddddd', 3),
(665, 14, 'iiiii', 'iiiii', 'fffff', 3),
(666, 14, 'jjjjj', 'jjjjj', 'hhhhh', 4),
(667, 14, 'kkkkk', 'kkkkk', 'hhhhh', 4),
(668, 14, 'lllll', 'lllll', 'iiiii', 4),
(669, 14, 'mmmmm', 'mmmmm', 'kkkkk', 5),
(670, 14, 'nnnnn', 'nnnnn', 'lllll', 5),
(671, 14, 'ooooo', 'ooooo', 'lllll', 5),
(672, 15, '000', '000', '', 0),
(673, 15, 'bbbbb', 'bbbbb', '000', 1),
(674, 15, 'ccccc', 'ccccc', '000', 1),
(675, 15, 'ddddd', 'ddddd', 'bbbbb', 2),
(676, 15, 'eeeee', 'eeeee', 'bbbbb', 2),
(677, 15, 'fffff', 'fffff', 'ccccc', 2),
(678, 15, 'ggggg', 'ggggg', 'ccccc', 2),
(679, 15, 'hhhhh', 'hhhhh', 'ddddd', 3),
(680, 15, 'iiiii', 'iiiii', 'fffff', 3),
(681, 15, 'jjjjj', 'jjjjj', 'hhhhh', 4),
(682, 15, 'kkkkk', 'kkkkk', 'hhhhh', 4),
(683, 15, 'lllll', 'lllll', 'iiiii', 4),
(684, 15, 'mmmmm', 'mmmmm', 'kkkkk', 5),
(685, 15, 'nnnnn', 'nnnnn', 'lllll', 5),
(686, 15, 'ooooo', 'ooooo', 'lllll', 5);

-- --------------------------------------------------------

--
-- Table structure for table `users`
--

CREATE TABLE `users` (
  `id` int(11) NOT NULL,
  `uname` varchar(4) DEFAULT 'user',
  `referrer` int(11) DEFAULT NULL,
  `isActive` int(1) DEFAULT 1,
  `isBanned` int(1) DEFAULT 0,
  `created` datetime DEFAULT current_timestamp(),
  `modified` datetime DEFAULT current_timestamp(),
  `lang` varchar(2) DEFAULT 'en'
) ENGINE=InnoDB DEFAULT CHARSET=utf8;

--
-- Dumping data for table `users`
--

INSERT INTO `users` (`id`, `uname`, `referrer`, `isActive`, `isBanned`, `created`, `modified`, `lang`) VALUES
(2701, 'user', NULL, 1, 0, '2021-11-12 16:11:39', '2021-11-12 16:11:39', 'en'),
(2702, 'user', 2701, 1, 0, '2021-11-12 16:12:11', '2021-11-12 16:12:11', 'en'),
(2703, 'user', 2701, 1, 0, '2021-11-12 16:12:11', '2021-11-12 16:12:11', 'en'),
(2704, 'user', NULL, 1, 0, '2021-11-12 16:12:33', '2021-11-12 16:12:33', 'en'),
(2705, 'user', NULL, 1, 0, '2021-11-12 16:12:36', '2021-11-12 16:12:36', 'en'),
(2706, 'user', 2702, 1, 0, '2021-11-12 16:13:14', '2021-11-12 16:13:14', 'en'),
(2707, 'user', 2703, 1, 0, '2021-11-12 16:13:14', '2021-11-12 16:13:14', 'en'),
(2708, 'user', 2703, 1, 0, '2021-11-12 16:13:14', '2021-11-12 16:13:14', 'en'),
(2709, 'user', 2704, 1, 0, '2021-11-12 16:14:03', '2021-11-12 16:14:03', 'en'),
(2710, 'user', 2704, 1, 0, '2021-11-12 16:14:03', '2021-11-12 16:14:03', 'en'),
(2711, 'user', 2704, 1, 0, '2021-11-12 16:14:03', '2021-11-12 16:14:03', 'en'),
(2712, 'user', 2702, 1, 0, '2021-11-12 16:14:03', '2021-11-12 16:14:03', 'en'),
(2713, 'user', 2704, 1, 0, '2021-11-12 16:14:03', '2021-11-12 16:14:03', 'en'),
(2714, 'user', 2702, 1, 0, '2021-11-12 16:14:03', '2021-11-12 16:14:03', 'en'),
(2715, 'user', 2704, 1, 0, '2021-11-12 16:14:03', '2021-11-12 16:14:03', 'en'),
(2716, 'user', 2704, 1, 0, '2021-11-12 16:14:03', '2021-11-12 16:14:03', 'en'),
(2717, 'user', 2704, 1, 0, '2021-11-12 16:14:03', '2021-11-12 16:14:03', 'en'),
(2718, 'user', 2704, 1, 0, '2021-11-12 16:14:03', '2021-11-12 16:14:03', 'en'),
(2719, 'user', 2710, 1, 0, '2021-11-12 16:17:33', '2021-11-12 16:17:33', 'en'),
(2720, 'user', 2711, 1, 0, '2021-11-12 16:17:33', '2021-11-12 16:17:33', 'en'),
(2721, 'user', 2711, 1, 0, '2021-11-12 16:17:33', '2021-11-12 16:17:33', 'en'),
(2722, 'user', 2710, 1, 0, '2021-11-12 16:17:33', '2021-11-12 16:17:33', 'en'),
(2723, 'user', 2711, 1, 0, '2021-11-12 16:17:33', '2021-11-12 16:17:33', 'en'),
(2724, 'user', 2710, 1, 0, '2021-11-12 16:17:33', '2021-11-12 16:17:33', 'en'),
(2725, 'user', 2713, 1, 0, '2021-11-12 16:17:33', '2021-11-12 16:17:33', 'en'),
(2726, 'user', 2713, 1, 0, '2021-11-12 16:17:33', '2021-11-12 16:17:33', 'en'),
(2727, 'user', 2713, 1, 0, '2021-11-12 16:17:33', '2021-11-12 16:17:33', 'en'),
(2728, 'user', 2713, 1, 0, '2021-11-12 16:17:33', '2021-11-12 16:17:33', 'en'),
(2729, 'user', 2706, 1, 0, '2021-11-12 16:19:58', '2021-11-12 16:19:58', 'en'),
(2730, 'user', 2727, 1, 0, '2021-11-12 16:19:58', '2021-11-12 16:19:58', 'en'),
(2731, 'user', NULL, 1, 0, '2021-11-12 16:20:14', '2021-11-12 16:20:14', 'en'),
(2732, 'user', 2729, 1, 0, '2021-11-12 16:20:14', '2021-11-12 16:20:14', 'en'),
(2733, 'user', 2727, 1, 0, '2021-11-12 16:32:14', '2021-11-12 16:32:14', 'en'),
(2734, 'user', 2727, 1, 0, '2021-11-12 16:32:39', '2021-11-12 16:32:39', 'en'),
(2735, 'user', NULL, 1, 0, '2021-11-12 16:33:03', '2021-11-12 16:33:03', 'en'),
(2736, 'user', 2735, 1, 0, '2021-11-12 16:33:28', '2021-11-12 16:33:28', 'en'),
(2737, 'user', 2735, 1, 0, '2021-11-12 16:33:28', '2021-11-12 16:33:28', 'en'),
(2738, 'user', 2735, 1, 0, '2021-11-12 16:33:28', '2021-11-12 16:33:28', 'en'),
(2739, 'user', 2717, 1, 0, '2021-11-12 16:34:40', '2021-11-12 16:34:40', 'en'),
(2740, 'user', 2717, 1, 0, '2021-11-12 16:34:40', '2021-11-12 16:34:40', 'en'),
(2741, 'user', 2717, 1, 0, '2021-11-12 16:34:40', '2021-11-12 16:34:40', 'en'),
(2742, 'user', 2717, 1, 0, '2021-11-12 16:34:40', '2021-11-12 16:34:40', 'en'),
(2743, 'user', NULL, 1, 0, '2021-11-12 16:34:40', '2021-11-12 16:34:40', 'en'),
(2744, 'user', NULL, 1, 0, '2021-11-12 16:34:40', '2021-11-12 16:34:40', 'en'),
(2745, 'user', 2706, 1, 0, '2021-11-12 16:38:09', '2021-11-12 16:38:09', 'en'),
(2746, 'user', 2704, 1, 0, '2021-11-12 16:38:09', '2021-11-12 16:38:09', 'en'),
(2747, 'user', 2706, 1, 0, '2021-11-12 16:38:09', '2021-11-12 16:38:09', 'en'),
(2748, 'user', 2711, 1, 0, '2021-11-12 16:38:09', '2021-11-12 16:38:09', 'en'),
(2749, 'user', 2725, 1, 0, '2021-11-12 16:38:09', '2021-11-12 16:38:09', 'en'),
(2750, 'user', 2716, 1, 0, '2021-11-12 16:38:09', '2021-11-12 16:38:09', 'en'),
(2751, 'user', 2706, 1, 0, '2021-11-12 16:38:09', '2021-11-12 16:38:09', 'en'),
(2752, 'user', 2710, 1, 0, '2021-11-12 16:38:09', '2021-11-12 16:38:09', 'en'),
(2753, 'user', 2721, 1, 0, '2021-11-12 16:38:09', '2021-11-12 16:38:09', 'en'),
(2754, 'user', 2706, 1, 0, '2021-11-12 16:38:09', '2021-11-12 16:38:09', 'en'),
(2755, 'user', NULL, 1, 0, '2021-11-12 16:40:41', '2021-11-12 16:40:41', 'en'),
(2756, 'user', NULL, 1, 0, '2021-11-12 16:40:51', '2021-11-12 16:40:51', 'en'),
(2757, 'user', NULL, 1, 0, '2021-11-12 16:40:55', '2021-11-12 16:40:55', 'en'),
(2758, 'user', NULL, 1, 0, '2021-11-12 16:40:59', '2021-11-12 16:40:59', 'en'),
(2759, 'user', 2714, 1, 0, '2021-11-12 16:42:17', '2021-11-12 16:42:17', 'en'),
(2760, 'user', 2714, 1, 0, '2021-11-12 16:42:17', '2021-11-12 16:42:17', 'en'),
(2761, 'user', 2714, 1, 0, '2021-11-12 16:42:17', '2021-11-12 16:42:17', 'en'),
(2762, 'user', 2714, 1, 0, '2021-11-12 16:42:17', '2021-11-12 16:42:17', 'en'),
(2763, 'user', 2714, 1, 0, '2021-11-12 16:42:17', '2021-11-12 16:42:17', 'en'),
(2764, 'user', 2714, 1, 0, '2021-11-12 16:42:17', '2021-11-12 16:42:17', 'en'),
(2765, 'user', 2714, 1, 0, '2021-11-12 16:42:17', '2021-11-12 16:42:17', 'en'),
(2766, 'user', 2714, 1, 0, '2021-11-12 16:42:17', '2021-11-12 16:42:17', 'en'),
(2767, 'user', 2714, 1, 0, '2021-11-12 16:42:17', '2021-11-12 16:42:17', 'en'),
(2768, 'user', 2714, 1, 0, '2021-11-12 16:42:17', '2021-11-12 16:42:17', 'en'),
(2769, 'user', 2711, 1, 0, '2021-11-12 16:43:16', '2021-11-12 16:43:16', 'en'),
(2770, 'user', 2711, 1, 0, '2021-11-12 16:43:16', '2021-11-12 16:43:16', 'en'),
(2771, 'user', 2711, 1, 0, '2021-11-12 16:43:16', '2021-11-12 16:43:16', 'en'),
(2772, 'user', 2711, 1, 0, '2021-11-12 16:43:16', '2021-11-12 16:43:16', 'en'),
(2773, 'user', 2711, 1, 0, '2021-11-12 16:43:16', '2021-11-12 16:43:16', 'en'),
(2774, 'user', 2711, 1, 0, '2021-11-12 16:43:16', '2021-11-12 16:43:16', 'en'),
(2775, 'user', 2711, 1, 0, '2021-11-12 16:43:16', '2021-11-12 16:43:16', 'en'),
(2776, 'user', 2711, 1, 0, '2021-11-12 16:43:16', '2021-11-12 16:43:16', 'en'),
(2777, 'user', 2711, 1, 0, '2021-11-12 16:43:16', '2021-11-12 16:43:16', 'en'),
(2778, 'user', 2711, 1, 0, '2021-11-12 16:43:16', '2021-11-12 16:43:16', 'en'),
(2779, 'user', 2727, 1, 0, '2021-11-12 16:44:28', '2021-11-12 16:44:28', 'en'),
(2780, 'user', 2727, 1, 0, '2021-11-12 16:44:28', '2021-11-12 16:44:28', 'en'),
(2781, 'user', 2727, 1, 0, '2021-11-12 16:44:28', '2021-11-12 16:44:28', 'en'),
(2782, 'user', 2727, 1, 0, '2021-11-12 16:44:28', '2021-11-12 16:44:28', 'en'),
(2783, 'user', 2727, 1, 0, '2021-11-12 16:44:28', '2021-11-12 16:44:28', 'en'),
(2784, 'user', 2727, 1, 0, '2021-11-12 16:44:28', '2021-11-12 16:44:28', 'en'),
(2785, 'user', 2727, 1, 0, '2021-11-12 16:44:28', '2021-11-12 16:44:28', 'en'),
(2786, 'user', 2727, 1, 0, '2021-11-12 16:44:28', '2021-11-12 16:44:28', 'en'),
(2787, 'user', 2727, 1, 0, '2021-11-12 16:44:28', '2021-11-12 16:44:28', 'en'),
(2788, 'user', 2727, 1, 0, '2021-11-12 16:44:28', '2021-11-12 16:44:28', 'en'),
(2789, 'user', 2788, 1, 0, '2021-11-12 16:45:07', '2021-11-12 16:45:07', 'en'),
(2790, 'user', 2788, 1, 0, '2021-11-12 16:45:07', '2021-11-12 16:45:07', 'en'),
(2791, 'user', 2788, 1, 0, '2021-11-12 16:45:07', '2021-11-12 16:45:07', 'en'),
(2792, 'user', 2788, 1, 0, '2021-11-12 16:45:07', '2021-11-12 16:45:07', 'en'),
(2793, 'user', 2788, 1, 0, '2021-11-12 16:45:07', '2021-11-12 16:45:07', 'en'),
(2794, 'user', 2788, 1, 0, '2021-11-12 16:45:07', '2021-11-12 16:45:07', 'en'),
(2795, 'user', 2788, 1, 0, '2021-11-12 16:45:07', '2021-11-12 16:45:07', 'en'),
(2796, 'user', 2788, 1, 0, '2021-11-12 16:45:07', '2021-11-12 16:45:07', 'en'),
(2797, 'user', 2788, 1, 0, '2021-11-12 16:45:07', '2021-11-12 16:45:07', 'en'),
(2798, 'user', 2788, 1, 0, '2021-11-12 16:45:07', '2021-11-12 16:45:07', 'en'),
(2799, 'user', 2790, 1, 0, '2021-11-12 16:45:32', '2021-11-12 16:45:32', 'en'),
(2800, 'user', 2790, 1, 0, '2021-11-12 16:45:32', '2021-11-12 16:45:32', 'en'),
(2801, 'user', NULL, 1, 0, '2021-11-12 16:45:38', '2021-11-12 16:45:38', 'en'),
(2802, 'user', NULL, 1, 0, '2021-11-12 16:45:49', '2021-11-12 16:45:49', 'en'),
(2803, 'user', NULL, 1, 0, '2021-11-12 16:46:04', '2021-11-12 16:46:04', 'en'),
(2804, 'user', 2701, 1, 0, '2021-11-12 16:55:11', '2021-11-12 16:55:11', 'en'),
(2805, 'user', NULL, 1, 0, '2021-11-12 16:55:11', '2021-11-12 16:55:11', 'en'),
(2806, 'user', 2701, 1, 0, '2021-11-12 16:55:11', '2021-11-12 16:55:11', 'en'),
(2807, 'user', 2701, 1, 0, '2021-11-12 16:55:11', '2021-11-12 16:55:11', 'en'),
(2808, 'user', 2804, 1, 0, '2021-11-12 16:55:11', '2021-11-12 16:55:11', 'en'),
(2809, 'user', 2804, 1, 0, '2021-11-12 16:55:11', '2021-11-12 16:55:11', 'en'),
(2810, 'user', 2804, 1, 0, '2021-11-12 16:55:11', '2021-11-12 16:55:11', 'en'),
(2811, 'user', 2809, 1, 0, '2021-11-12 16:55:11', '2021-11-12 16:55:11', 'en'),
(2812, 'user', 2809, 1, 0, '2021-11-12 16:55:11', '2021-11-12 16:55:11', 'en'),
(2813, 'user', NULL, 1, 0, '2021-11-12 16:55:11', '2021-11-12 16:55:11', 'en');

--
-- Indexes for dumped tables
--

--
-- Indexes for table `dbs`
--
ALTER TABLE `dbs`
  ADD PRIMARY KEY (`id`);

--
-- Indexes for table `refreports`
--
ALTER TABLE `refreports`
  ADD PRIMARY KEY (`report_id`);

--
-- Indexes for table `report_txns`
--
ALTER TABLE `report_txns`
  ADD PRIMARY KEY (`txn_id`);

--
-- Indexes for table `users`
--
ALTER TABLE `users`
  ADD PRIMARY KEY (`id`);

--
-- AUTO_INCREMENT for dumped tables
--

--
-- AUTO_INCREMENT for table `dbs`
--
ALTER TABLE `dbs`
  MODIFY `id` int(11) NOT NULL AUTO_INCREMENT, AUTO_INCREMENT=10;

--
-- AUTO_INCREMENT for table `refreports`
--
ALTER TABLE `refreports`
  MODIFY `report_id` int(5) NOT NULL AUTO_INCREMENT, AUTO_INCREMENT=16;

--
-- AUTO_INCREMENT for table `report_txns`
--
ALTER TABLE `report_txns`
  MODIFY `txn_id` int(5) NOT NULL AUTO_INCREMENT, AUTO_INCREMENT=687;

--
-- AUTO_INCREMENT for table `users`
--
ALTER TABLE `users`
  MODIFY `id` int(11) NOT NULL AUTO_INCREMENT, AUTO_INCREMENT=2814;
COMMIT;

/*!40101 SET CHARACTER_SET_CLIENT=@OLD_CHARACTER_SET_CLIENT */;
/*!40101 SET CHARACTER_SET_RESULTS=@OLD_CHARACTER_SET_RESULTS */;
/*!40101 SET COLLATION_CONNECTION=@OLD_COLLATION_CONNECTION */;
